user_id,product_id,interaction_type,timestamp
39,114,view,2025-07-25 12:07:58.341425180
29,115,view,2025-07-24 06:24:04.047476292
15,101,view,2025-07-17 02:53:24.745959282
43,115,purchase,2025-07-03 19:15:15.099714994
8,110,view,2025-07-21 10:44:31.497752905
21,114,purchase,2025-07-08 01:30:36.285502434
39,114,view,2025-07-28 03:19:10.376903057
19,114,view,2025-07-25 22:54:04.111272573
23,113,view,2025-07-22 02:06:20.950020552
11,110,add_to_cart,2025-07-29 06:31:09.016844273
11,114,view,2025-07-01 17:58:25.660687208
24,105,purchase,2025-07-22 21:24:51.801087379
36,115,purchase,2025-07-10 17:07:29.583369970
40,114,view,2025-07-27 23:43:03.075029135
24,105,purchase,2025-07-08 19:21:22.409077883
3,114,purchase,2025-07-22 13:14:48.345554590
22,113,add_to_cart,2025-07-27 03:15:21.374264717
2,114,view,2025-07-02 01:20:34.772578001
24,114,view,2025-07-12 17:39:22.825632572
44,101,view,2025-07-23 16:12:45.310330868
30,111,view,2025-07-14 10:53:30.060933590
38,115,view,2025-07-08 19:46:19.115755081
2,108,add_to_cart,2025-07-07 09:36:35.763479710
21,114,view,2025-07-04 18:02:35.647177219
33,108,view,2025-07-26 12:29:00.118477583
12,110,purchase,2025-07-18 01:36:21.504558085
22,113,purchase,2025-07-03 02:20:50.076747894
44,113,view,2025-07-12 06:48:28.498025179
25,105,purchase,2025-07-11 20:07:05.922216892
49,114,view,2025-07-06 06:12:08.281648874
27,101,view,2025-07-13 20:54:56.064553976
42,101,add_to_cart,2025-07-10 18:27:41.854429007
28,101,view,2025-07-11 01:26:55.503965616
16,101,view,2025-07-22 23:26:57.137116432
15,110,view,2025-07-07 12:05:58.994559526
47,114,view,2025-07-20 01:29:21.312683105
44,114,view,2025-07-17 22:13:04.124429464
3,101,view,2025-07-17 20:22:36.091309786
37,114,add_to_cart,2025-07-20 16:42:55.340529442
7,114,add_to_cart,2025-07-17 06:11:06.537149191
21,109,view,2025-07-27 04:24:49.557011843
9,115,view,2025-07-21 01:46:03.897665024
39,115,view,2025-07-17 05:09:49.046884537
18,105,view,2025-07-25 16:46:46.307115555
4,108,add_to_cart,2025-07-18 23:46:32.195637465
25,115,view,2025-07-09 12:58:26.189589262
14,114,view,2025-07-07 00:27:30.327243567
50,101,add_to_cart,2025-07-05 09:01:33.919767618
9,114,add_to_cart,2025-07-27 18:57:28.210249424
26,114,add_to_cart,2025-07-22 02:38:51.338550568
2,114,view,2025-07-28 22:15:45.211051941
20,114,view,2025-07-18 21:43:12.659743071
28,114,view,2025-07-15 00:11:55.384164810
47,105,view,2025-07-02 14:20:45.438742638
7,106,add_to_cart,2025-07-20 22:55:57.093097210
44,114,purchase,2025-07-18 06:32:25.404649258
8,115,add_to_cart,2025-07-30 12:18:01.751509190
47,107,add_to_cart,2025-07-07 23:32:39.851341486
35,114,view,2025-07-16 17:28:51.524233580
14,114,add_to_cart,2025-07-20 08:02:21.711956024
17,110,view,2025-07-20 03:27:20.624262094
36,114,view,2025-07-17 15:28:53.162652254
50,115,view,2025-07-24 02:44:17.702098131
40,114,view,2025-07-06 22:56:11.594423532
4,113,view,2025-07-22 13:48:06.002441168
2,110,purchase,2025-07-19 09:33:32.308484554
6,114,view,2025-07-27 16:31:26.989101648
42,108,view,2025-07-26 05:19:48.285305023
4,108,view,2025-07-10 06:15:21.424761534
29,113,add_to_cart,2025-07-09 02:14:27.445665598
18,101,view,2025-07-30 06:08:25.714755535
26,106,add_to_cart,2025-07-16 14:58:51.648262262
44,113,view,2025-07-27 23:58:23.437796116
34,110,add_to_cart,2025-07-05 17:20:39.912969112
10,108,view,2025-07-20 02:10:46.926491976
36,114,purchase,2025-07-25 02:26:57.904968739
14,114,add_to_cart,2025-07-29 05:28:28.786257982
31,104,view,2025-07-10 22:14:05.944846153
48,114,view,2025-07-22 13:20:11.491773129
15,110,view,2025-07-16 23:17:43.618760586
8,114,view,2025-07-02 15:00:10.475694180
14,114,view,2025-07-21 12:08:59.618434668
23,115,add_to_cart,2025-07-21 12:13:10.578282595
40,114,view,2025-07-28 17:23:13.137492180
21,114,view,2025-07-15 17:24:54.159800053
16,114,view,2025-07-07 17:07:50.685811758
45,103,view,2025-07-02 03:26:09.729708910
18,105,purchase,2025-07-13 06:36:44.847219944
47,114,view,2025-07-09 20:43:48.385930777
24,110,add_to_cart,2025-07-23 15:20:01.188543797
26,114,purchase,2025-07-11 10:25:22.345798016
25,101,add_to_cart,2025-07-29 06:40:52.840178013
45,113,purchase,2025-07-29 16:12:48.345474243
41,108,view,2025-07-19 10:24:15.365174294
29,110,purchase,2025-07-28 15:59:07.763272524
15,114,view,2025-07-23 15:09:54.760311604
45,110,view,2025-07-17 05:05:20.488737583
1,113,add_to_cart,2025-07-06 05:10:18.467945814
25,110,purchase,2025-07-14 13:32:26.168917894
7,110,purchase,2025-07-17 15:10:46.908365965
9,114,view,2025-07-26 17:24:08.716595173
24,101,view,2025-07-15 05:54:36.411310434
1,114,purchase,2025-07-27 17:40:33.050911188
44,113,view,2025-07-21 00:52:52.852958918
8,114,add_to_cart,2025-07-04 21:59:21.870765209
24,114,purchase,2025-07-30 15:44:12.008620739
11,114,view,2025-07-16 14:57:27.356004238
17,115,view,2025-07-12 13:29:17.003622293
8,108,view,2025-07-20 13:54:43.176835060
35,106,view,2025-07-04 01:45:11.769168854
35,110,purchase,2025-07-19 21:39:28.471714735
33,106,view,2025-07-15 18:04:48.012624025
5,114,purchase,2025-07-13 00:09:19.488766432
42,115,view,2025-07-29 09:31:28.194225788
39,101,purchase,2025-07-16 11:34:43.245099545
41,101,view,2025-07-07 09:06:52.806116104
28,106,view,2025-07-14 13:48:13.637876034
7,114,view,2025-07-28 09:18:32.451982260
9,114,add_to_cart,2025-07-06 02:08:19.761018991
8,101,add_to_cart,2025-07-07 05:23:56.943609953
12,115,purchase,2025-07-01 04:43:52.938956261
34,114,view,2025-07-01 05:34:00.907363892
33,101,view,2025-07-25 16:30:43.396406412
48,114,view,2025-07-22 18:28:42.096266985
23,114,view,2025-07-11 10:58:46.717653513
24,108,view,2025-07-21 18:08:02.818863869
37,101,purchase,2025-07-12 15:53:54.060325384
35,101,purchase,2025-07-29 09:26:08.794556379
44,101,purchase,2025-07-29 19:37:40.849586248
40,114,add_to_cart,2025-07-12 14:09:41.766227722
22,115,view,2025-07-26 10:23:23.480565548
27,101,view,2025-07-23 23:58:27.095409870
35,106,view,2025-07-10 02:33:00.136479378
1,104,purchase,2025-07-07 18:25:07.535841703
35,105,view,2025-07-14 13:16:44.513148308
37,114,view,2025-07-24 05:55:16.494202614
47,108,view,2025-07-29 14:40:15.197346926
14,106,view,2025-07-23 17:07:37.245832205
3,106,purchase,2025-07-26 11:05:56.804497719
1,114,add_to_cart,2025-07-18 21:33:22.980923891
5,108,view,2025-07-25 20:50:37.396872759
26,114,purchase,2025-07-24 08:07:59.163274765
14,105,add_to_cart,2025-07-12 02:46:46.824002981
39,114,view,2025-07-17 08:46:59.162426949
27,114,view,2025-07-24 22:46:20.391527176
9,101,view,2025-07-02 04:30:39.354350328
15,110,view,2025-07-25 01:10:01.799196243
15,114,purchase,2025-07-06 03:25:46.316864967
26,115,view,2025-07-16 05:55:20.234908819
42,110,purchase,2025-07-25 01:18:30.238658905
13,110,view,2025-07-08 10:06:04.533912182
32,115,view,2025-07-08 04:19:53.182011604
39,114,view,2025-07-12 21:20:25.620144129
49,101,view,2025-07-27 15:29:34.430651188
32,115,view,2025-06-30 19:40:07.988815308
4,106,purchase,2025-07-27 20:20:45.285825968
30,114,view,2025-07-05 10:05:28.107201099
37,104,add_to_cart,2025-07-30 12:12:44.186096907
23,101,view,2025-07-29 10:50:23.705285788
39,106,view,2025-07-15 15:30:58.390750647
45,114,view,2025-07-16 04:30:31.181660414
15,106,view,2025-07-15 06:03:56.189325094
43,106,view,2025-07-19 20:52:10.228879452
29,105,view,2025-07-03 12:40:10.951522827
36,113,view,2025-07-01 18:50:06.021431446
13,115,view,2025-07-02 12:53:46.289783955
32,110,view,2025-07-14 03:17:35.284564018
7,113,view,2025-07-09 01:44:40.557786942
22,114,purchase,2025-07-19 11:13:06.844995499
28,113,add_to_cart,2025-07-30 13:54:30.713389397
2,105,view,2025-07-12 09:30:09.963944197
42,106,view,2025-07-18 00:30:56.829968929
45,106,purchase,2025-07-13 06:35:05.597521782
6,108,add_to_cart,2025-07-26 05:23:08.462064981
28,110,view,2025-07-27 20:57:37.057104111
28,114,purchase,2025-07-27 03:02:46.046165943
44,108,view,2025-07-30 00:53:53.141986609
44,110,view,2025-07-01 15:09:50.027214050
20,114,add_to_cart,2025-07-26 00:01:03.791611195
30,108,view,2025-07-23 08:37:33.771847248
11,114,purchase,2025-07-07 16:00:36.208495855
28,114,add_to_cart,2025-07-29 11:54:01.981390476
25,106,view,2025-07-05 06:02:17.489301920
39,114,view,2025-07-21 04:37:33.710461140
33,113,view,2025-07-07 13:16:15.741316795
1,113,view,2025-07-13 17:56:38.940952301
27,110,add_to_cart,2025-07-22 09:08:42.752210379
13,110,view,2025-07-17 16:56:37.771479607
41,114,view,2025-07-13 15:09:05.046132565
3,101,add_to_cart,2025-07-10 14:18:49.512305737
39,108,view,2025-07-25 23:54:18.126927137
6,101,add_to_cart,2025-07-05 02:53:47.095345974
8,114,view,2025-07-13 17:01:26.955295324
27,106,purchase,2025-07-27 22:03:19.925371170
9,115,view,2025-07-26 04:21:42.334122181
37,113,view,2025-07-12 20:01:41.347660065
33,114,view,2025-07-23 16:47:17.177784681
42,115,view,2025-07-25 12:01:33.172527313
44,114,add_to_cart,2025-07-27 11:20:56.502347469
24,114,add_to_cart,2025-07-17 03:23:39.252705574
15,109,add_to_cart,2025-07-06 22:33:42.915983915
32,113,view,2025-07-08 11:10:21.425628185
32,106,view,2025-07-09 16:15:00.894445896
24,105,view,2025-07-18 14:53:16.329588413
41,111,view,2025-07-01 18:58:22.845071316
49,114,purchase,2025-07-19 21:18:02.378407717
49,108,view,2025-07-11 17:41:06.485336065
12,113,view,2025-07-09 15:55:27.051383257
39,115,view,2025-07-27 04:35:15.410657406
2,113,purchase,2025-07-14 14:33:06.508675337
3,114,add_to_cart,2025-07-03 15:47:17.793350697
49,114,purchase,2025-07-25 14:36:27.922054052
37,115,view,2025-07-02 05:39:06.438605309
49,114,view,2025-07-22 14:36:34.288373947
17,114,purchase,2025-07-24 00:33:45.226159573
49,115,add_to_cart,2025-07-11 09:13:26.253897667
2,115,view,2025-07-25 13:11:50.422801971
2,101,add_to_cart,2025-07-16 06:37:29.479310036
28,109,purchase,2025-07-14 16:55:17.448613167
23,108,add_to_cart,2025-07-02 04:02:25.604896784
37,101,add_to_cart,2025-07-09 12:10:15.969267845
32,114,view,2025-07-28 17:40:38.143864632
33,114,view,2025-07-12 13:27:48.012160778
1,114,view,2025-07-17 04:58:28.048613071
19,101,purchase,2025-07-16 18:24:20.491257191
2,114,purchase,2025-07-18 12:27:37.684150457
44,114,purchase,2025-07-02 15:30:30.136357307
26,114,view,2025-07-11 16:07:01.151768208
32,115,add_to_cart,2025-07-22 12:00:08.785233498
6,114,add_to_cart,2025-07-06 19:45:12.470111132
32,108,add_to_cart,2025-07-06 21:55:35.453930140
4,114,add_to_cart,2025-07-01 02:36:55.151867867
11,108,purchase,2025-07-13 22:20:13.453098536
17,101,view,2025-07-27 06:55:07.814035416
38,114,view,2025-07-02 08:43:07.545108318
24,108,view,2025-07-06 12:57:19.994343519
5,114,view,2025-07-10 02:36:39.422714472
34,108,add_to_cart,2025-07-22 18:11:30.816504478
6,114,add_to_cart,2025-07-20 00:36:27.755874395
22,106,view,2025-07-13 06:49:46.900006056
11,115,view,2025-07-23 13:52:46.989887714
48,114,add_to_cart,2025-07-19 02:17:03.881544590
16,101,view,2025-07-27 16:29:58.052041531
33,113,view,2025-07-25 08:19:45.633097410
9,115,view,2025-07-08 09:22:33.166313171
6,110,view,2025-07-08 22:47:09.092557907
16,105,view,2025-07-04 13:36:24.284583807
29,110,view,2025-07-10 21:57:52.868389606
3,113,view,2025-07-30 19:01:18.136649847
20,114,purchase,2025-07-12 23:29:27.328380346
36,114,view,2025-07-07 10:06:06.322044134
19,108,add_to_cart,2025-07-23 16:20:15.935890675
26,106,view,2025-07-17 01:55:45.140305281
3,114,view,2025-07-05 07:03:47.256503820
19,110,add_to_cart,2025-07-12 05:26:47.952898979
20,101,view,2025-07-13 05:46:05.802007914
32,115,view,2025-07-23 10:06:26.883205414
7,114,view,2025-07-01 10:14:00.487497807
41,114,add_to_cart,2025-07-08 21:02:39.223831177
33,114,view,2025-07-16 08:01:09.912339926
40,113,view,2025-07-08 20:55:11.055767775
39,114,add_to_cart,2025-07-19 15:49:21.350239992
18,110,view,2025-07-15 06:17:40.805609703
40,101,add_to_cart,2025-07-11 15:46:53.279926062
1,108,add_to_cart,2025-07-29 06:46:49.060178280
11,110,purchase,2025-07-19 18:30:17.721221209
28,114,view,2025-07-04 16:54:28.336248398
25,101,purchase,2025-07-17 14:36:57.979103327
50,101,view,2025-07-24 05:28:37.262826681
23,106,view,2025-07-22 01:27:45.595231295
31,106,view,2025-07-05 23:15:15.581663370
30,114,add_to_cart,2025-07-29 23:29:32.936841965
42,106,view,2025-07-14 06:29:45.269105196
35,114,view,2025-07-05 13:50:53.109024763
7,110,view,2025-07-06 05:05:27.694030046
16,114,purchase,2025-07-03 18:04:45.399084091
26,114,add_to_cart,2025-07-24 21:52:59.236393452
48,108,add_to_cart,2025-07-04 11:12:43.340612173
49,114,view,2025-07-04 13:26:24.965841293
2,110,view,2025-07-26 07:41:22.724790096
1,108,add_to_cart,2025-07-11 03:27:54.086218119
48,115,view,2025-07-01 17:34:03.987296581
12,105,view,2025-07-02 08:42:52.915681601
5,101,add_to_cart,2025-07-05 01:42:46.097186565
37,114,purchase,2025-07-07 04:59:35.857282877
32,101,add_to_cart,2025-07-20 18:15:19.234796047
9,114,add_to_cart,2025-07-05 12:37:30.017094851
41,110,purchase,2025-07-04 08:56:22.721261024
35,115,view,2025-07-23 17:56:52.314036608
19,114,view,2025-07-20 22:30:35.595094919
48,114,purchase,2025-07-13 20:47:00.681341887
16,115,view,2025-07-17 06:51:11.227006435
3,108,add_to_cart,2025-07-10 03:58:42.880016088
20,115,view,2025-07-15 06:45:01.388580084
24,101,view,2025-07-16 00:09:15.805493355
33,110,add_to_cart,2025-07-12 10:09:39.306223631
24,106,purchase,2025-07-28 00:04:55.469392300
11,113,add_to_cart,2025-07-01 06:54:52.653360844
49,104,view,2025-07-24 06:30:48.213262558
8,114,purchase,2025-07-04 12:54:20.597907543
36,114,view,2025-07-24 17:35:03.057842493
38,115,view,2025-07-19 06:48:23.984764099
40,103,view,2025-07-26 02:30:37.111037254
20,114,view,2025-07-03 17:33:37.431391239
35,110,view,2025-07-17 13:48:58.102916718
48,108,purchase,2025-07-15 20:08:00.084969521
25,108,add_to_cart,2025-07-21 23:48:33.029571056
35,110,add_to_cart,2025-07-16 20:02:21.409838438
25,114,view,2025-07-17 00:40:44.297338963
29,114,purchase,2025-07-13 16:39:32.985079050
18,110,purchase,2025-07-10 01:42:39.126357079
46,101,add_to_cart,2025-07-15 06:34:49.523695707
18,101,view,2025-07-04 08:39:52.493257761
2,101,view,2025-07-29 15:38:22.873974085
35,115,view,2025-07-22 05:43:32.998650074
16,101,view,2025-07-29 09:07:35.065784931
41,101,view,2025-07-07 14:35:37.674329281
36,106,purchase,2025-07-27 04:28:32.223627567
33,114,view,2025-07-25 01:40:43.939318657
4,115,view,2025-07-21 02:53:59.352420330
33,114,view,2025-07-19 13:22:15.949662924
14,114,view,2025-07-10 07:15:57.031704426
21,113,view,2025-07-25 07:09:57.053959370
48,101,view,2025-07-15 20:26:28.375485420
20,115,view,2025-07-02 22:23:31.264040232
8,114,add_to_cart,2025-07-10 04:36:41.612266541
7,114,purchase,2025-07-28 20:45:50.378759384
3,114,view,2025-07-26 07:50:23.534817695
17,114,view,2025-07-30 06:19:19.868744373
33,114,purchase,2025-07-19 15:30:19.147039890
48,115,view,2025-07-08 05:33:26.408910036
12,115,view,2025-07-05 16:34:36.908092499
22,114,purchase,2025-07-06 09:55:42.529387236
22,114,view,2025-07-01 09:36:10.645766020
46,101,add_to_cart,2025-07-12 12:38:28.331005573
30,114,view,2025-07-06 13:10:40.847184896
38,101,view,2025-07-13 03:44:31.252833843
38,114,view,2025-07-28 20:32:45.866656065
45,115,add_to_cart,2025-07-13 17:20:20.522372723
8,113,view,2025-07-27 03:29:56.115514755
27,110,view,2025-07-18 23:18:48.654398441
27,106,add_to_cart,2025-07-08 05:17:05.289012432
34,101,view,2025-07-11 11:33:55.835329771
21,114,view,2025-07-03 07:46:19.736179113
30,105,purchase,2025-07-10 19:26:35.341930866
33,101,view,2025-07-21 03:10:46.430075169
28,110,purchase,2025-07-02 23:16:12.252202988
47,114,add_to_cart,2025-07-06 23:14:20.750105143
33,114,add_to_cart,2025-07-12 05:59:15.478673220
5,101,view,2025-07-30 06:25:32.699275255
48,110,purchase,2025-07-24 08:27:02.144439459
19,113,view,2025-07-22 19:27:37.946237564
4,114,add_to_cart,2025-07-04 07:00:27.258643866
35,114,view,2025-07-24 05:40:01.655580044
49,108,view,2025-07-24 08:44:37.058779478
17,113,view,2025-07-18 20:08:38.486388206
44,110,purchase,2025-07-30 12:24:38.038269758
28,115,purchase,2025-07-10 13:31:58.423486471
30,113,view,2025-07-29 01:03:58.485172987
29,110,view,2025-07-28 05:57:23.349297285
46,108,add_to_cart,2025-07-01 03:36:58.169400454
6,114,view,2025-07-14 07:26:02.335952759
35,114,view,2025-07-30 02:51:54.471399784
41,113,add_to_cart,2025-07-03 21:35:50.870691776
37,114,view,2025-07-17 05:45:18.227171659
24,114,purchase,2025-07-30 04:11:58.157580614
29,113,view,2025-07-17 11:18:24.438612461
49,110,view,2025-07-06 12:01:01.564633846
46,114,view,2025-07-18 06:31:19.231729984
31,110,add_to_cart,2025-07-06 22:32:50.267007113
35,110,view,2025-07-16 09:32:13.748752594
33,115,add_to_cart,2025-07-03 00:39:37.728158712
21,101,view,2025-07-18 23:17:51.377933741
32,105,purchase,2025-07-16 07:26:19.821550131
23,108,view,2025-07-23 00:15:58.567159653
33,115,view,2025-07-19 17:27:15.920573473
3,101,add_to_cart,2025-07-17 07:03:59.747361660
18,101,view,2025-07-21 11:59:27.076581240
25,101,view,2025-07-05 02:59:17.739309311
42,101,purchase,2025-07-18 16:00:32.541312218
31,101,view,2025-07-05 23:16:10.981846571
3,110,add_to_cart,2025-07-28 13:43:33.862082005
40,114,view,2025-07-02 20:33:02.299089909
46,106,add_to_cart,2025-07-13 17:13:11.650528431
24,108,view,2025-07-21 16:19:27.361413002
50,101,view,2025-07-14 13:07:33.871974230
32,108,purchase,2025-07-03 13:39:31.195709705
47,113,add_to_cart,2025-07-17 09:46:58.709130526
22,114,view,2025-07-20 01:19:30.207010508
23,101,view,2025-07-21 22:04:49.969417334
2,110,purchase,2025-07-12 00:05:49.738417387
27,106,view,2025-07-17 17:11:06.944236517
42,114,add_to_cart,2025-07-14 07:50:39.642371655
2,114,add_to_cart,2025-07-20 23:13:49.551775932
26,114,view,2025-07-18 07:30:39.958635807
17,106,view,2025-07-16 13:53:40.420427322
40,115,add_to_cart,2025-07-08 07:00:27.458174706
33,101,view,2025-06-30 20:48:12.297333479
9,101,view,2025-07-06 00:41:20.001737118
43,108,purchase,2025-07-04 07:38:15.478701353
48,101,view,2025-07-14 06:41:27.958398342
39,115,add_to_cart,2025-07-19 04:10:33.426104784
29,114,view,2025-07-07 04:46:16.641840935
42,106,view,2025-07-28 23:28:16.292076826
26,114,view,2025-07-01 00:09:40.378278255
35,115,view,2025-07-23 23:24:24.530638456
50,115,view,2025-07-19 13:29:51.061952829
25,114,view,2025-07-12 00:18:34.343645573
24,115,add_to_cart,2025-07-02 07:42:07.643246889
13,115,view,2025-07-19 15:08:25.493394852
7,114,view,2025-07-12 08:59:30.524677752
36,101,view,2025-07-28 21:27:44.724689007
45,108,view,2025-07-17 01:34:58.573444366
20,114,view,2025-07-28 23:53:57.016602755
1,106,view,2025-07-07 10:05:54.032812834
8,114,view,2025-07-22 13:52:21.858993769
46,101,view,2025-07-19 07:46:09.761369944
16,101,view,2025-07-22 23:43:26.431052685
14,108,add_to_cart,2025-07-07 05:54:39.402746916
12,101,view,2025-07-20 18:08:46.085418224
23,115,view,2025-07-15 17:56:20.998133421
15,114,add_to_cart,2025-07-23 02:11:02.634287119
28,114,view,2025-07-10 14:49:20.016971588
34,114,purchase,2025-07-27 12:11:28.109335899
2,106,view,2025-07-03 08:02:49.306802511
32,113,view,2025-07-25 00:31:35.013636827
23,114,view,2025-07-26 15:30:00.769442797
22,113,view,2025-07-25 07:46:18.290392876
25,106,add_to_cart,2025-07-16 04:30:47.113256454
22,113,view,2025-07-13 22:59:14.167569637
22,110,purchase,2025-07-30 16:39:32.146002531
49,115,view,2025-07-07 16:21:13.996877193
42,115,view,2025-07-17 05:06:02.802880764
6,110,view,2025-07-20 22:14:11.261121035
15,114,view,2025-07-21 19:58:29.211482763
43,114,view,2025-07-06 22:14:52.232924461
37,101,add_to_cart,2025-07-20 10:13:32.986674786
33,115,purchase,2025-07-25 08:34:34.215649605
8,114,view,2025-07-02 07:21:48.450450420
44,110,add_to_cart,2025-07-28 03:38:43.491629124
44,108,purchase,2025-07-01 16:35:34.810266256
5,106,purchase,2025-07-11 11:38:57.215539932
39,110,view,2025-07-01 06:44:08.103965759
4,101,add_to_cart,2025-07-03 02:53:40.576184511
6,114,view,2025-07-28 03:23:28.494516850
45,101,purchase,2025-07-11 10:50:59.572623968
32,108,view,2025-07-13 13:11:08.106191635
30,115,view,2025-07-07 06:23:52.935873508
47,114,add_to_cart,2025-07-18 17:15:32.535654068
35,106,view,2025-07-18 15:36:30.231774807
40,106,purchase,2025-07-11 23:20:03.714941025
16,101,purchase,2025-07-10 19:08:06.687049627
13,114,add_to_cart,2025-07-27 08:31:27.786134005
50,101,view,2025-07-12 07:18:53.048482656
42,113,add_to_cart,2025-07-15 14:40:14.870994329
30,115,view,2025-07-09 07:19:46.243535519
19,101,view,2025-07-24 09:49:26.852031708
17,115,purchase,2025-07-12 17:30:45.922012329
19,115,view,2025-07-16 05:09:00.131972790
28,101,view,2025-07-08 09:46:02.084124565
26,115,purchase,2025-07-30 10:27:53.962678432
37,113,view,2025-07-09 13:13:37.259804249
26,115,view,2025-07-23 22:17:04.939437151
23,113,purchase,2025-07-13 15:08:49.025054693
9,114,view,2025-07-06 23:49:35.813308001
12,113,add_to_cart,2025-07-24 19:08:51.335526943
1,114,purchase,2025-07-10 19:32:49.096493244
1,114,purchase,2025-07-26 18:17:21.455785036
47,113,add_to_cart,2025-07-28 06:20:06.922636986
34,114,view,2025-07-26 14:25:23.680664301
32,106,view,2025-07-01 20:33:20.814509153
48,104,purchase,2025-07-24 10:15:32.009583235
25,104,purchase,2025-07-13 03:30:52.196495771
40,108,view,2025-07-27 00:25:50.108442307
45,106,view,2025-07-19 22:40:37.748208761
1,115,view,2025-07-25 19:34:23.303031206
16,101,view,2025-07-15 18:56:27.446824789
39,114,add_to_cart,2025-07-16 20:34:06.407250404
5,105,view,2025-07-05 03:18:33.041820526
22,115,purchase,2025-07-24 07:49:15.533052921
29,115,add_to_cart,2025-07-13 09:18:38.172770739
3,110,view,2025-07-15 19:24:27.965889931
12,114,add_to_cart,2025-07-24 08:37:13.574265957
26,101,view,2025-07-18 18:31:07.576335907
16,114,view,2025-07-06 20:08:28.200861454
37,106,add_to_cart,2025-07-18 12:19:03.351849079
22,115,purchase,2025-07-13 00:50:44.667213202
29,101,purchase,2025-07-14 21:24:30.504307747
14,113,view,2025-07-01 15:44:03.122581720
28,114,view,2025-07-07 02:34:16.373276234
5,106,add_to_cart,2025-07-09 05:41:51.006269693
47,105,view,2025-07-22 04:40:52.639699936
49,101,view,2025-07-01 03:37:28.790118694
30,108,view,2025-07-13 01:40:10.960435867
46,113,add_to_cart,2025-07-28 12:38:57.947473526
5,101,view,2025-07-04 03:54:14.857425213
12,108,add_to_cart,2025-07-16 07:10:32.313592672
16,101,purchase,2025-07-24 09:38:46.314486980
26,114,view,2025-07-29 01:58:21.448422194
26,101,view,2025-07-23 05:01:45.349001408
48,106,view,2025-07-22 10:09:26.201416254
21,101,purchase,2025-07-25 14:25:17.429117441
39,110,view,2025-07-14 04:36:53.864103794
36,114,view,2025-07-24 23:33:29.327875376
33,108,view,2025-07-01 01:05:04.036430120
30,104,add_to_cart,2025-07-28 13:02:02.554866791
37,114,view,2025-07-14 02:31:50.771998405
23,114,add_to_cart,2025-07-17 09:47:01.746278048
10,104,purchase,2025-07-08 10:51:55.088517427
5,114,view,2025-07-23 01:58:20.218052387
36,115,purchase,2025-07-03 02:31:40.309713840
34,104,view,2025-07-26 23:38:52.299531460
31,114,purchase,2025-07-25 15:35:39.120114326
10,114,add_to_cart,2025-07-07 06:54:48.120636463
19,110,purchase,2025-07-25 02:03:49.139685392
32,101,view,2025-07-24 09:31:39.543425322
1,101,view,2025-07-19 18:32:45.720708132
5,114,view,2025-07-12 00:17:04.597853899
45,115,view,2025-07-08 22:49:45.070169449
4,114,view,2025-07-07 18:14:03.365360022
16,110,view,2025-07-10 08:44:54.730813265
24,114,view,2025-07-27 21:54:43.784707069
16,114,view,2025-07-03 03:15:05.190692902
2,108,purchase,2025-07-25 16:08:14.647377729
49,101,view,2025-07-11 06:33:03.373838425
28,114,view,2025-07-16 10:54:05.933791399
32,108,view,2025-07-24 15:22:47.061746836
27,114,view,2025-07-27 08:06:04.309213638
20,106,purchase,2025-07-11 03:35:33.740158319
24,101,view,2025-07-14 15:52:38.602795124
12,104,add_to_cart,2025-07-13 05:48:05.939335108
50,110,purchase,2025-07-01 04:53:26.978172064
35,115,purchase,2025-07-09 16:25:44.267251730
33,101,add_to_cart,2025-07-14 13:57:58.793164730
33,114,purchase,2025-07-13 03:20:14.933548212
43,113,purchase,2025-07-22 11:08:20.857050657
37,114,add_to_cart,2025-07-12 08:24:31.275166988
12,106,view,2025-07-15 11:42:04.055062056
3,114,add_to_cart,2025-07-13 16:40:05.770137072
1,114,view,2025-07-23 00:36:03.277264118
33,106,add_to_cart,2025-07-26 16:41:24.757504225
40,101,view,2025-07-16 18:18:36.792117357
10,114,view,2025-07-24 11:44:28.546684027
43,115,view,2025-07-09 17:02:11.379125357
44,101,view,2025-07-17 01:08:10.328857660
29,114,view,2025-07-11 03:54:56.339242458
13,115,view,2025-07-13 05:34:29.098412275
12,114,view,2025-07-22 18:41:17.036924362
31,115,view,2025-07-27 06:08:49.453536272
46,114,purchase,2025-07-04 10:49:36.353029490
2,110,view,2025-07-19 20:17:25.252145290
50,106,view,2025-07-18 06:29:37.048571587
35,108,add_to_cart,2025-07-04 08:36:32.080873966
23,114,view,2025-07-07 03:54:50.403830767
17,114,view,2025-07-10 03:16:18.765677214
26,105,purchase,2025-07-05 19:32:25.634888887
8,114,purchase,2025-07-08 02:50:07.118033171
29,114,view,2025-07-08 20:01:21.569979429
26,113,view,2025-07-10 21:02:06.874567270
10,110,purchase,2025-07-23 06:54:40.352990627
26,113,add_to_cart,2025-07-17 23:07:36.731710672
34,104,view,2025-07-30 09:26:51.673027992
41,105,purchase,2025-07-13 05:57:35.562829733
7,101,view,2025-07-23 10:07:58.570715189
4,103,view,2025-07-26 22:48:26.447537899
50,110,view,2025-07-21 04:12:52.553284645
45,113,add_to_cart,2025-07-13 03:53:33.706492186
11,101,view,2025-07-23 09:56:17.582222939
29,114,add_to_cart,2025-07-06 21:59:25.520436764
36,106,view,2025-07-10 15:11:15.511476994
25,115,view,2025-07-17 04:57:48.480547428
21,115,view,2025-07-18 01:38:41.431175709
36,105,add_to_cart,2025-07-01 11:17:31.003755093
10,110,view,2025-07-29 03:49:56.276585579
37,101,view,2025-07-21 16:55:18.186325550
9,114,purchase,2025-07-15 16:15:24.419931173
24,114,view,2025-07-28 19:12:06.090916395
35,106,purchase,2025-07-13 23:29:56.004460096
49,113,view,2025-07-30 05:15:49.297470808
35,106,add_to_cart,2025-07-16 04:11:42.390105009
48,104,view,2025-07-04 05:38:09.015164852
36,114,purchase,2025-07-23 18:00:24.419944525
18,108,view,2025-07-21 04:09:23.202731848
49,114,view,2025-07-23 23:54:01.880954027
39,110,view,2025-07-29 08:23:18.037786961
32,115,view,2025-07-24 02:25:20.571801424
24,103,view,2025-07-19 03:30:44.772275448
23,110,purchase,2025-07-26 12:36:44.974249363
32,114,view,2025-07-21 00:05:15.070137024
37,108,add_to_cart,2025-07-13 01:11:44.894622803
12,115,add_to_cart,2025-07-27 08:59:46.728244781
49,114,add_to_cart,2025-07-07 11:07:06.293683052
13,114,view,2025-07-22 05:53:30.483893394
23,114,view,2025-07-27 06:04:32.774536371
25,115,add_to_cart,2025-07-22 17:53:52.718400955
35,115,purchase,2025-07-21 17:23:18.185517550
41,114,view,2025-07-23 09:14:58.757564306
30,114,view,2025-07-14 18:11:23.502925158
17,103,view,2025-07-27 00:45:10.707480907
49,101,purchase,2025-07-06 21:49:27.642882824
20,113,view,2025-07-04 15:04:05.889602900
48,101,view,2025-07-09 08:54:59.057397127
25,110,purchase,2025-07-16 18:05:08.911770821
22,105,view,2025-07-16 02:57:16.473031044
13,108,view,2025-07-25 10:10:52.279227734
19,114,add_to_cart,2025-07-12 22:38:22.256729125
49,115,purchase,2025-07-15 08:04:41.052277565
36,101,view,2025-07-01 04:58:29.334338427
12,113,view,2025-07-13 02:21:44.400190115
41,115,view,2025-07-20 05:44:51.111137390
19,101,view,2025-07-01 06:30:57.892314196
12,114,add_to_cart,2025-07-09 05:35:06.353092670
9,108,view,2025-07-07 01:04:43.182608128
7,108,view,2025-07-02 01:34:46.531063556
28,115,view,2025-07-15 04:25:02.452388525
14,105,view,2025-07-06 06:11:27.075377464
31,114,view,2025-07-23 02:22:07.650054455
19,114,purchase,2025-07-26 05:51:29.374044657
47,101,view,2025-07-17 04:10:17.092808485
16,114,purchase,2025-07-30 06:10:45.731144905
5,115,purchase,2025-07-14 07:41:40.756581783
35,101,view,2025-07-16 04:58:30.700232983
12,115,view,2025-07-30 11:35:12.717588425
25,114,view,2025-07-07 18:03:53.845351458
21,114,view,2025-07-29 01:58:59.374972582
36,114,view,2025-07-02 02:11:35.242198706
23,106,view,2025-07-14 04:44:55.118892193
16,115,view,2025-07-02 21:45:09.402778864
39,115,purchase,2025-07-22 16:23:56.752962112
45,114,view,2025-07-19 01:24:16.261131047
42,114,purchase,2025-07-22 00:07:36.310238123
39,114,view,2025-07-12 00:58:33.496047020
14,110,purchase,2025-07-11 21:22:37.472339392
31,114,view,2025-07-02 03:58:47.870396614
5,113,view,2025-07-11 07:18:37.582590818
35,114,add_to_cart,2025-07-28 16:26:15.837993145
23,114,view,2025-07-12 04:23:35.483701706
29,110,view,2025-07-25 17:56:05.393857241
43,101,purchase,2025-07-26 01:49:28.007641792
11,104,view,2025-07-12 00:05:01.376664877
18,110,view,2025-07-19 18:22:54.958916903
47,114,add_to_cart,2025-07-03 16:01:03.492421865
12,114,purchase,2025-07-03 21:59:55.180593252
9,114,add_to_cart,2025-07-02 06:23:00.963541269
10,110,view,2025-07-18 05:40:51.421358347
44,114,add_to_cart,2025-07-13 14:07:16.273336887
17,108,view,2025-07-17 05:56:00.167803764
38,110,add_to_cart,2025-07-16 10:31:22.009127855
7,114,purchase,2025-07-11 07:29:46.452237129
46,114,add_to_cart,2025-07-21 03:07:51.390552521
13,110,purchase,2025-07-23 13:28:17.174665213
40,101,view,2025-07-01 05:52:56.746340990
42,104,add_to_cart,2025-07-07 00:33:52.340330839
9,101,purchase,2025-07-22 04:52:47.669402122
50,114,view,2025-07-12 09:42:59.786796808
27,108,purchase,2025-07-20 16:20:18.689802647
2,113,view,2025-07-11 05:09:47.513361931
5,110,add_to_cart,2025-07-12 12:41:37.654168367
29,101,purchase,2025-07-05 13:35:55.939933777
37,108,add_to_cart,2025-07-08 13:16:35.102304697
38,106,view,2025-07-18 23:14:47.574789762
19,110,view,2025-07-13 19:13:39.083858967
8,105,view,2025-07-24 00:50:52.853522301
48,114,purchase,2025-07-26 09:12:40.502530098
45,104,view,2025-07-17 01:20:07.815347910
1,115,view,2025-07-23 13:18:09.120339394
22,110,add_to_cart,2025-07-10 00:19:16.797530413
17,114,view,2025-07-13 06:07:45.689646959
7,114,add_to_cart,2025-07-22 04:33:00.036083937
25,114,add_to_cart,2025-07-12 09:25:21.784711838
45,114,purchase,2025-07-18 11:04:25.091262102
4,110,view,2025-07-06 08:49:06.542711973
36,113,view,2025-07-18 19:11:07.547733545
6,113,view,2025-07-26 15:38:23.828462124
31,114,view,2025-07-26 20:46:14.245752335
19,101,view,2025-07-22 12:52:41.000536203
44,108,view,2025-07-23 04:17:33.057895422
39,114,add_to_cart,2025-07-17 13:03:28.237160683
27,114,add_to_cart,2025-07-18 08:18:39.989039898
10,114,view,2025-07-04 19:34:42.606346130
26,114,purchase,2025-07-14 02:55:43.315717936
19,115,purchase,2025-07-14 07:54:32.427163363
39,106,purchase,2025-07-29 13:28:06.689380884
3,108,add_to_cart,2025-07-13 17:43:57.447249651
45,108,view,2025-07-17 06:52:36.434917927
13,110,view,2025-07-16 19:17:27.926261425
50,114,view,2025-07-19 21:49:06.669909000
28,106,view,2025-07-23 06:04:39.798142195
20,114,purchase,2025-07-07 13:22:48.842364788
28,108,purchase,2025-07-16 16:01:53.993633032
8,114,view,2025-07-25 14:00:38.996693134
41,114,view,2025-07-14 16:47:33.637596846
39,108,purchase,2025-07-09 03:50:22.259530306
1,113,view,2025-07-20 10:44:26.222653627
3,110,view,2025-07-25 12:27:45.389241219
13,101,purchase,2025-07-02 16:48:39.938597679
28,110,view,2025-07-24 02:38:21.232321501
49,101,view,2025-07-25 10:56:11.741566896
25,108,view,2025-07-14 15:38:47.727639675
33,114,purchase,2025-07-30 07:19:48.561803579
38,114,view,2025-07-24 09:46:48.318443298
6,114,view,2025-07-24 00:23:13.667539597
44,101,view,2025-07-23 05:47:37.884206057
45,114,view,2025-07-05 07:47:16.502871752
32,106,view,2025-07-07 07:45:22.757016182
45,108,add_to_cart,2025-07-14 17:25:22.720085859
47,114,view,2025-07-08 17:25:59.574424982
21,101,purchase,2025-07-13 06:19:24.899619818
16,114,view,2025-07-27 11:02:39.272250175
21,114,view,2025-07-25 12:51:55.603080988
11,108,view,2025-07-19 16:58:43.664350033
37,106,view,2025-07-26 13:11:48.361228943
36,106,view,2025-07-24 07:39:58.331662655
35,115,view,2025-07-13 16:13:09.242661476
19,110,view,2025-07-06 20:07:01.173443556
20,108,add_to_cart,2025-07-16 05:34:29.395034313
18,110,view,2025-07-22 21:26:05.562844038
47,114,add_to_cart,2025-07-13 21:34:19.899237156
41,103,purchase,2025-07-20 19:25:33.089489937
49,110,view,2025-07-03 15:15:56.988276482
14,114,view,2025-07-23 05:54:48.576004744
15,115,view,2025-07-25 04:30:14.002092838
31,106,view,2025-07-22 00:16:24.021513224
1,108,view,2025-07-29 19:46:47.518198252
3,108,add_to_cart,2025-07-25 14:32:22.432267904
16,114,view,2025-07-27 21:34:39.241986036
23,108,view,2025-07-28 19:31:16.547652245
11,113,purchase,2025-07-24 20:19:14.294266939
12,114,view,2025-07-21 00:48:59.217810869
10,114,purchase,2025-06-30 23:28:02.862217188
32,110,view,2025-07-14 18:44:40.651684284
16,114,view,2025-07-17 22:35:12.977359056
8,113,view,2025-07-09 22:15:06.765515327
38,113,view,2025-07-10 08:23:07.025703907
12,101,purchase,2025-07-29 15:23:05.504850625
24,115,view,2025-07-27 13:22:54.861935616
28,101,purchase,2025-07-26 06:45:32.281590462
8,106,view,2025-07-12 23:40:42.889352322
28,101,view,2025-07-01 05:12:46.941989899
36,114,view,2025-07-03 05:06:36.362143278
26,106,view,2025-07-10 04:07:53.285749912
8,105,purchase,2025-07-01 06:41:05.929814816
50,101,view,2025-07-01 07:41:52.534054279
28,101,view,2025-07-28 07:18:16.057187080
28,114,view,2025-07-21 23:47:03.136822701
37,114,view,2025-07-10 01:47:54.225586653
41,108,view,2025-07-04 18:51:15.044471741
36,110,view,2025-07-16 03:43:40.080114126
27,114,purchase,2025-06-30 23:11:57.548264503
17,101,view,2025-07-28 23:00:28.723410368
9,108,view,2025-07-13 06:01:01.088786125
33,115,view,2025-07-12 21:01:52.503305197
20,114,view,2025-07-12 12:34:38.930181980
13,106,purchase,2025-07-02 21:15:59.331695080
28,113,view,2025-07-19 22:56:31.544870377
48,108,view,2025-07-22 19:06:45.681406736
29,113,add_to_cart,2025-07-21 02:09:37.329878807
13,101,view,2025-07-04 23:01:25.098039865
46,101,view,2025-07-18 04:06:54.014878273
35,103,purchase,2025-07-17 21:22:44.082304478
6,115,add_to_cart,2025-07-26 20:36:21.061674118
18,114,purchase,2025-07-12 04:19:19.189839602
5,104,view,2025-07-11 22:49:11.865295172
47,105,view,2025-07-19 08:41:22.435527563
25,114,view,2025-07-19 19:09:44.617200851
2,104,view,2025-07-14 21:14:07.608558416
10,106,purchase,2025-07-14 02:21:10.166490555
30,115,view,2025-07-15 15:08:11.061623335
50,106,purchase,2025-07-26 15:18:09.715642691
45,114,add_to_cart,2025-07-14 15:23:24.907380104
5,115,view,2025-07-29 00:06:03.504115820
33,108,view,2025-07-15 22:13:58.054571629
1,101,add_to_cart,2025-07-29 06:46:28.496054888
18,106,view,2025-07-25 18:59:20.588974714
32,114,purchase,2025-07-11 16:18:02.287550211
47,114,view,2025-07-26 17:10:18.863330841
49,114,view,2025-07-04 02:35:44.331979275
11,101,view,2025-07-28 13:23:02.577819109
21,114,purchase,2025-07-19 18:08:00.290424824
26,115,view,2025-07-02 10:30:41.119499922
25,114,purchase,2025-07-20 03:12:53.727032900
22,115,view,2025-07-30 00:48:30.218873262
27,114,add_to_cart,2025-07-02 21:36:23.596091032
49,114,add_to_cart,2025-07-17 10:43:30.843080044
13,114,view,2025-07-23 05:45:43.253906250
33,108,view,2025-07-25 02:44:10.556055069
34,104,add_to_cart,2025-07-13 05:18:21.089441538
41,114,view,2025-07-06 22:21:00.020694017
35,107,add_to_cart,2025-07-02 01:50:11.485908031
1,114,view,2025-07-18 04:45:10.498526096
21,115,purchase,2025-07-14 09:26:45.793463707
48,114,add_to_cart,2025-07-29 06:26:45.771558046
6,101,purchase,2025-07-02 14:59:08.220127106
28,106,view,2025-07-21 08:50:05.029541969
17,101,view,2025-07-01 13:19:32.747065067
5,114,view,2025-07-05 22:46:57.685363770
31,114,view,2025-07-14 09:55:37.067130089
5,115,view,2025-07-14 10:51:29.671075106
38,110,view,2025-07-21 09:03:16.106614113
3,115,add_to_cart,2025-07-28 02:42:12.485707283
23,114,view,2025-07-19 23:27:11.655237436
37,107,view,2025-07-29 09:53:43.272961140
37,114,add_to_cart,2025-07-27 06:06:48.037893772
10,108,view,2025-07-18 08:11:23.769345760
10,106,view,2025-07-25 19:40:49.036111593
19,114,purchase,2025-07-20 02:00:21.465288877
17,108,purchase,2025-07-03 03:54:42.197084188
21,114,view,2025-07-23 00:33:24.062018633
14,114,view,2025-07-03 15:41:02.979094982
9,113,add_to_cart,2025-07-18 15:05:22.866566658
46,108,view,2025-07-21 21:15:03.712914467
1,113,view,2025-07-02 19:14:59.859812498
45,114,view,2025-07-07 17:31:20.042307615
13,113,view,2025-07-28 06:38:02.725352287
4,110,view,2025-07-19 07:05:47.463197708
1,101,view,2025-07-08 04:40:33.660086870
49,114,add_to_cart,2025-07-21 12:38:22.266145705
40,104,purchase,2025-07-18 17:01:44.779870749
32,114,view,2025-07-15 20:29:04.513517380
34,114,add_to_cart,2025-07-30 02:12:16.938499212
28,110,purchase,2025-07-21 07:26:12.490370274
31,113,view,2025-07-12 01:40:03.655589342
8,115,view,2025-07-24 19:24:10.635273218
39,114,add_to_cart,2025-07-27 08:15:00.194581747
26,115,view,2025-07-04 13:30:31.989597559
34,114,purchase,2025-07-06 19:44:53.617904902
3,101,view,2025-07-07 07:02:00.706989288
50,103,purchase,2025-07-21 13:01:21.309259892
12,113,view,2025-07-18 21:32:18.826028109
1,106,view,2025-07-19 09:01:26.435028791
44,110,add_to_cart,2025-07-29 00:42:24.692125082
5,108,view,2025-07-24 02:00:22.992366552
30,113,view,2025-07-04 15:27:52.807664633
30,114,view,2025-07-11 05:33:18.656975985
17,114,view,2025-07-13 20:50:00.630217552
48,113,view,2025-07-12 16:26:32.737363815
47,114,purchase,2025-07-20 21:15:08.214277506
23,110,view,2025-07-27 13:30:47.222970963
15,115,add_to_cart,2025-07-09 23:42:25.692780972
37,101,add_to_cart,2025-07-17 08:42:05.836933613
21,115,purchase,2025-07-24 11:43:29.520930052
14,114,view,2025-07-13 07:01:37.507857083
2,108,purchase,2025-07-05 20:23:42.488141060
11,105,view,2025-07-15 01:18:53.201293707
39,110,add_to_cart,2025-07-02 11:06:37.073096037
38,105,add_to_cart,2025-07-29 01:51:58.212103844
34,104,purchase,2025-07-03 01:13:16.863195419
38,114,view,2025-07-13 23:02:20.105259418
50,113,add_to_cart,2025-07-16 16:51:52.528071403
34,114,view,2025-07-30 08:46:07.832618713
18,115,add_to_cart,2025-07-05 18:53:08.866212368
30,113,purchase,2025-07-04 05:44:26.795573235
15,114,view,2025-07-01 01:37:06.632516146
27,101,purchase,2025-07-05 11:21:41.463695288
34,114,view,2025-07-07 00:35:11.861073494
38,108,view,2025-07-19 17:22:06.099913359
33,115,view,2025-07-07 09:32:20.300024509
24,114,view,2025-07-01 10:07:30.251108408
15,113,add_to_cart,2025-07-25 14:30:55.050872564
30,101,view,2025-07-11 18:34:44.356332302
42,114,view,2025-07-11 10:00:42.110947371
17,114,purchase,2025-07-09 21:08:05.942933321
5,105,purchase,2025-07-30 01:37:07.833693504
29,106,purchase,2025-07-05 21:49:59.460995674
4,114,purchase,2025-07-27 18:04:53.361096859
10,105,add_to_cart,2025-07-24 02:38:54.536236524
17,115,view,2025-07-03 02:24:56.343984127
10,110,view,2025-07-30 09:47:42.130420208
17,101,add_to_cart,2025-07-08 22:44:00.876823187
20,114,view,2025-07-03 18:19:47.246172190
24,108,add_to_cart,2025-07-25 16:27:22.794183969
5,113,view,2025-07-22 00:09:23.282622576
34,101,view,2025-07-19 07:44:51.444165468
6,101,view,2025-07-05 11:39:22.698037624
2,114,add_to_cart,2025-07-15 03:52:02.232665539
13,113,view,2025-07-24 05:21:01.521021605
43,114,add_to_cart,2025-07-09 21:57:33.546998739
43,114,view,2025-07-10 03:46:00.334841013
48,114,view,2025-06-30 21:36:41.527806758
11,104,purchase,2025-07-06 00:48:19.196394920
47,108,add_to_cart,2025-07-27 01:38:31.679645777
23,115,view,2025-07-14 01:24:27.205654860
16,114,purchase,2025-07-30 07:59:56.121345758
31,113,view,2025-07-12 16:15:35.340913296
11,106,view,2025-07-22 06:17:03.590120316
16,106,view,2025-07-09 06:19:54.458539009
8,114,add_to_cart,2025-07-11 17:17:34.889167309
4,114,add_to_cart,2025-07-06 12:40:22.059165478
40,114,view,2025-07-11 05:14:05.958480358
4,114,purchase,2025-07-17 05:21:39.952260256
25,114,view,2025-07-30 13:25:35.606828213
3,103,view,2025-07-20 17:34:31.139611959
32,110,view,2025-07-06 18:48:25.813156366
3,103,view,2025-07-02 03:43:20.355935335
27,106,view,2025-07-04 14:19:36.298897266
29,114,view,2025-07-17 16:23:23.381029844
32,110,purchase,2025-07-23 18:15:55.871623039
50,113,view,2025-07-29 00:27:06.884653568
19,104,view,2025-07-01 06:44:33.961145639
21,106,view,2025-07-16 11:44:14.586258411
5,106,view,2025-07-14 22:22:28.486660480
18,105,view,2025-07-20 11:42:34.916290998
28,114,add_to_cart,2025-07-17 14:14:48.690104246
42,106,view,2025-07-21 10:01:05.777639866
22,114,add_to_cart,2025-07-20 13:10:10.358999968
21,101,purchase,2025-07-04 07:35:54.690161705
6,101,view,2025-07-24 19:08:49.131429672
1,106,purchase,2025-07-04 12:04:39.135586739
5,114,view,2025-07-21 18:17:31.679872036
41,114,add_to_cart,2025-07-13 06:58:29.092254400
12,110,view,2025-07-16 05:19:21.403352499
26,110,view,2025-07-27 21:43:28.752591848
46,114,view,2025-07-27 12:03:58.918349266
34,101,view,2025-07-25 08:12:23.843587875
49,108,view,2025-07-16 02:39:24.901472807
14,114,view,2025-07-22 21:26:33.887196779
26,114,view,2025-07-16 04:38:09.467234850
45,108,purchase,2025-07-26 21:27:59.265104532
27,115,add_to_cart,2025-07-12 21:20:55.259069681
9,114,view,2025-07-29 21:55:10.312053442
26,106,view,2025-07-28 18:37:20.888659239
47,114,purchase,2025-07-23 01:18:14.288949013
22,114,purchase,2025-07-09 04:31:46.271114349
47,108,add_to_cart,2025-07-04 18:08:26.401482105
30,108,view,2025-07-26 10:44:11.641971588
43,108,view,2025-07-05 18:22:03.824999571
48,114,view,2025-07-26 10:25:04.264410973
17,110,view,2025-07-15 12:42:03.196728468
26,114,add_to_cart,2025-07-13 00:04:15.482960701
36,114,add_to_cart,2025-07-27 21:38:50.798068762
1,101,view,2025-07-18 22:07:22.046074390
8,114,purchase,2025-07-18 02:30:43.805810213
49,106,view,2025-07-17 13:39:41.627796412
35,114,view,2025-07-11 22:35:31.684852600
15,114,view,2025-07-24 09:00:47.223677397
47,106,purchase,2025-07-08 09:21:53.866218805
22,110,view,2025-07-28 23:21:16.035757065
14,105,purchase,2025-07-27 15:01:09.950811625
26,101,purchase,2025-07-10 22:20:09.303479433
28,108,view,2025-07-22 16:33:50.390733719
23,108,view,2025-07-18 00:04:14.819343328
14,115,purchase,2025-07-10 22:27:27.290112019
24,110,view,2025-07-30 11:05:08.410934210
2,108,purchase,2025-07-01 13:31:15.499768734
45,114,purchase,2025-07-08 09:15:18.810700417
26,101,view,2025-07-16 09:48:12.265730142
14,115,view,2025-07-16 11:09:22.484346390
7,114,purchase,2025-07-18 11:22:54.829588890
3,114,add_to_cart,2025-07-23 08:33:24.937213421
47,104,view,2025-07-19 12:15:14.836035967
23,110,view,2025-07-18 19:33:09.845018625
46,110,view,2025-07-02 09:52:49.787200689
43,114,purchase,2025-07-12 02:27:06.805279970
47,101,purchase,2025-07-07 18:25:48.776635408
45,106,add_to_cart,2025-07-08 18:24:59.628602266
18,115,view,2025-07-17 10:28:23.032820225
38,110,view,2025-07-06 18:59:38.075627565
35,108,purchase,2025-07-09 14:59:36.369165897
15,101,view,2025-07-07 22:03:03.863806963
25,115,view,2025-07-29 06:16:19.928151608
37,101,view,2025-07-29 03:30:33.877117395
28,114,add_to_cart,2025-07-19 02:30:28.819211006
10,114,purchase,2025-07-28 13:00:22.538283110
39,106,view,2025-07-24 09:08:06.676383972
17,114,view,2025-07-18 12:06:45.211552382
39,101,add_to_cart,2025-06-30 23:59:00.367529631
22,106,purchase,2025-07-23 23:33:42.512847900
26,114,view,2025-07-21 21:08:30.080727339
44,114,view,2025-07-19 06:19:57.768637896
25,114,view,2025-07-23 14:51:20.115211010
17,111,purchase,2025-07-16 04:39:14.550426245
13,104,view,2025-07-21 22:17:24.138594866
20,101,view,2025-07-28 20:40:26.348124981
25,101,add_to_cart,2025-07-12 01:55:46.900403023
4,106,add_to_cart,2025-07-22 01:11:52.095392466
10,108,view,2025-07-15 01:50:43.123614311
3,108,purchase,2025-07-21 00:55:04.196831942
41,108,view,2025-07-23 16:37:59.825086832
45,106,view,2025-07-02 04:04:33.180459499
18,113,view,2025-07-20 04:54:08.650044918
47,114,add_to_cart,2025-07-07 14:36:13.449312687
36,106,view,2025-07-20 21:46:24.637327194
47,115,purchase,2025-07-14 20:32:52.141270399
22,114,add_to_cart,2025-07-24 00:18:29.006243706
34,104,add_to_cart,2025-07-04 12:11:55.212342978
47,114,add_to_cart,2025-07-19 14:18:07.834822893
8,114,add_to_cart,2025-07-09 03:50:56.428710222
40,113,view,2025-07-26 09:29:49.631226778
49,108,view,2025-07-28 15:47:10.345939398
44,110,purchase,2025-07-30 16:45:24.676546097
19,108,view,2025-07-24 16:28:31.486421585
42,113,add_to_cart,2025-07-23 10:02:19.009879351
41,114,purchase,2025-07-07 06:30:38.266314745
37,114,view,2025-07-10 21:16:30.596232414
6,113,add_to_cart,2025-07-14 18:38:29.447577715
26,114,view,2025-07-24 00:11:03.975181580
34,101,view,2025-07-28 06:07:31.821612120
45,105,view,2025-07-06 11:31:48.846589565
6,114,view,2025-07-28 11:27:16.819594860
37,108,add_to_cart,2025-07-21 16:11:59.398231745
